SE,CI
0.00893673,0.017515991
0.005447271,0.010676652
