SE,CI
0.007953941,0.015589724
0.004599037,0.009014112
