SE,CI
0.014262021,0.027953562
0.002913337,0.005710141
