SE,CI
0.020976639,0.041114212
0.002725821,0.005342609
